id,first_name,last_name,email,department
1,Mavra,Tabram,mtabram0@skype.com,Engineering
2,Gavin,Sprigings,gsprigings1@hp.com,Product Management
3,Truda,Lidgey,tlidgey2@networkadvertising.org,Sales
4,Bailie,Lesslie,blesslie3@seattletimes.com,Training
5,Kort,Pischel,kpischel4@slate.com,Sales
6,Corissa,Akeherst,cakeherst5@dagondesign.com,Engineering
7,Chicky,Britten,cbritten6@csmonitor.com,Engineering
8,Barnaby,Boddis,bboddis7@e-recht24.de,Accounting
9,Kienan,Grabert,kgrabert8@nature.com,Engineering
10,Tedda,Twitching,ttwitching9@clickbank.net,Support
11,Brigit,Simes,bsimesa@sfgate.com,Services
12,Reeta,Sweeney,rsweeneyb@gnu.org,Support
13,Glynda,Pratte,gprattec@cpanel.net,Engineering
14,Cort,Risbridger,crisbridgerd@ebay.com,Business Development
15,Gay,Moncreif,gmoncreife@npr.org,Training
16,Chic,Crush,ccrushf@lycos.com,Human Resources
17,Rebeca,Fenton,rfentong@comcast.net,Research and Development
18,Ali,Klasen,aklasenh@umich.edu,Services
19,Carita,Brun,cbruni@cbc.ca,Business Development
20,Danyette,Paulitschke,dpaulitschkej@123-reg.co.uk,Engineering
21,Inigo,Merton,imertonk@diigo.com,Marketing
22,Drud,Grunwall,dgrunwalll@blogger.com,Services
23,Alick,O'Hartagan,aohartaganm@indiegogo.com,Human Resources
24,Eimile,Bankhurst,ebankhurstn@whitehouse.gov,Research and Development
25,Pat,Berlin,pberlino@xrea.com,Product Management
26,Dulcea,St. Clair,dstclairp@howstuffworks.com,Research and Development
27,Arabella,Tague,atagueq@webeden.co.uk,Product Management
28,Josy,Pedrick,jpedrickr@wp.com,Sales
29,Arnoldo,Erickson,aericksons@cornell.edu,Legal
30,Nanine,MacNamara,nmacnamarat@virginia.edu,Training
31,Aviva,Cannam,acannamu@etsy.com,Business Development
32,Aguistin,Wiskar,awiskarv@oaic.gov.au,Product Management
33,Muire,Older,molderw@ustream.tv,Engineering
34,Kaja,Penman,kpenmanx@techcrunch.com,Training
35,Rosamund,Kibblewhite,rkibblewhitey@blogtalkradio.com,Business Development
36,Lorilee,Pumphreys,lpumphreysz@psu.edu,Product Management
37,Clemente,Trattles,ctrattles10@apple.com,Services
38,Hali,Brechin,hbrechin11@intel.com,Support
39,Manon,Pashby,mpashby12@ameblo.jp,Human Resources
40,Jourdan,Allardyce,jallardyce13@cornell.edu,Marketing
41,Rachele,Perell,rperell14@buzzfeed.com,Human Resources
42,Elinore,Lindermann,elindermann15@dailymail.co.uk,Sales
43,Maximilianus,Minchi,mminchi16@amazonaws.com,Human Resources
44,Reuven,Empson,rempson17@csmonitor.com,Human Resources
45,Parry,Seagrove,pseagrove18@istockphoto.com,Research and Development
46,Margery,Alven,malven19@wikia.com,Business Development
47,Ira,Hambling,ihambling1a@dagondesign.com,Human Resources
48,Reginauld,Chestnutt,rchestnutt1b@surveymonkey.com,Accounting
49,Chas,Cristou,ccristou1c@etsy.com,Accounting
50,Andrew,Cadwaladr,acadwaladr1d@nps.gov,Research and Development
51,Alfy,Titmus,atitmus1e@artisteer.com,Accounting
52,Chance,Duhig,cduhig1f@cloudflare.com,Engineering
53,Devinne,Davidescu,ddavidescu1g@bigcartel.com,Product Management
54,Deva,Lornsen,dlornsen1h@irs.gov,Legal
55,Tandie,Kinforth,tkinforth1i@blogs.com,Support
56,Ulick,Halleday,uhalleday1j@newsvine.com,Human Resources
57,Piotr,Edson,pedson1k@time.com,Support
58,Tomkin,Camelli,tcamelli1l@un.org,Support
59,Daniela,Betjes,dbetjes1m@twitpic.com,Engineering
60,Audrey,Merryweather,amerryweather1n@1und1.de,Support
61,Felipe,Iacobini,fiacobini1o@wikia.com,Engineering
62,Cobb,Cornfoot,ccornfoot1p@gnu.org,Marketing
63,Benita,Benoix,bbenoix1q@unblog.fr,Business Development
64,Dilly,Matyashev,dmatyashev1r@hostgator.com,Sales
65,Brena,Ugoletti,bugoletti1s@dropbox.com,Human Resources
66,Nat,Saleway,nsaleway1t@google.ru,Marketing
67,Andros,Backhurst,abackhurst1u@yelp.com,Support
68,Alic,Corfield,acorfield1v@jugem.jp,Sales
69,Matias,Spadollini,mspadollini1w@sina.com.cn,Services
70,Timofei,Trevan,ttrevan1x@360.cn,Engineering
71,Elsworth,Yarn,eyarn1y@google.fr,Product Management
72,Ashlie,Hakewell,ahakewell1z@mail.ru,Training
73,Sid,Yarranton,syarranton20@cdc.gov,Human Resources
74,Zea,Edwardson,zedwardson21@cornell.edu,Research and Development
75,Franciskus,Pinnere,fpinnere22@forbes.com,Support
76,Cinda,Frays,cfrays23@walmart.com,Services
77,Antonia,Racine,aracine24@elegantthemes.com,Engineering
78,Klement,Panchin,kpanchin25@hostgator.com,Training
79,Dolly,Hane,dhane26@nsw.gov.au,Human Resources
80,Lib,Meadus,lmeadus27@google.ca,Engineering
81,Erika,Mc Giffin,emcgiffin28@1und1.de,Product Management
82,Lissi,Elijah,lelijah29@baidu.com,Engineering
83,Mahmud,Lucken,mlucken2a@netvibes.com,Accounting
84,Ariela,Gass,agass2b@facebook.com,Product Management
85,Sylvester,Mascall,smascall2c@tamu.edu,Product Management
86,Leopold,Goldby,lgoldby2d@facebook.com,Support
87,Fanchette,Quainton,fquainton2e@cpanel.net,Human Resources
88,Lani,Orsi,lorsi2f@bbc.co.uk,Accounting
89,Homer,Phillott,hphillott2g@yandex.ru,Human Resources
90,Ulberto,Gloy,ugloy2h@alexa.com,Marketing
91,Ddene,Simonnot,dsimonnot2i@epa.gov,Engineering
92,Marten,Juniper,mjuniper2j@tuttocitta.it,Sales
93,Clotilda,Clubbe,cclubbe2k@list-manage.com,Support
94,Korella,Sanchiz,ksanchiz2l@usnews.com,Sales
95,Porter,O'Dea,podea2m@hc360.com,Accounting
96,Rorke,Woodyatt,rwoodyatt2n@theglobeandmail.com,Accounting
97,Eveline,Sturgeon,esturgeon2o@a8.net,Accounting
98,Chelsie,Portlock,cportlock2p@hao123.com,Services
99,Kelley,Czajkowska,kczajkowska2q@icio.us,Business Development
100,Ferdy,Clayton,fclayton2r@dailymail.co.uk,Human Resources
101,Nancy,Yve,nyve2s@sakura.ne.jp,Marketing
102,Yul,Alfonsetto,yalfonsetto2t@dedecms.com,Sales
103,Ingmar,Daulby,idaulby2u@reuters.com,Support
104,Kore,MacPike,kmacpike2v@cocolog-nifty.com,Product Management
105,Ward,Cardillo,wcardillo2w@unblog.fr,Support
106,Velma,Crean,vcrean2x@edublogs.org,Engineering
107,Angelico,Tobias,atobias2y@over-blog.com,Business Development
108,Trixie,Ridgley,tridgley2z@dailymotion.com,Accounting
109,Bartram,D'Ambrogi,bdambrogi30@t-online.de,Marketing
110,Haley,Horsey,hhorsey31@oracle.com,Legal
111,Christina,Leere,cleere32@github.io,Marketing
112,Alfy,Gallymore,agallymore33@springer.com,Marketing
113,Gabi,Flawith,gflawith34@scientificamerican.com,Support
114,Neala,Scarsbrooke,nscarsbrooke35@craigslist.org,Training
115,Melantha,McInility,mmcinility36@i2i.jp,Research and Development
116,Bibi,Virr,bvirr37@jugem.jp,Legal
117,Barnett,Coogan,bcoogan38@soundcloud.com,Research and Development
118,Corene,Gauden,cgauden39@woothemes.com,Training
119,Sawyere,Philipsson,sphilipsson3a@g.co,Sales
120,Adele,Davidoff,adavidoff3b@dailymotion.com,Training
121,Emmy,Whannel,ewhannel3c@rediff.com,Accounting
122,Whitney,Marvelley,wmarvelley3d@github.com,Marketing
123,Ainslee,Baggally,abaggally3e@cnn.com,Training
124,Abrahan,Brevitt,abrevitt3f@blogger.com,Business Development
125,Gilbertine,Silver,gsilver3g@pcworld.com,Product Management
126,Marika,Craythorn,mcraythorn3h@hubpages.com,Accounting
127,Valina,Wardale,vwardale3i@cdbaby.com,Business Development
128,Estele,McCarl,emccarl3j@cisco.com,Business Development
129,Thatch,MacShane,tmacshane3k@123-reg.co.uk,Legal
130,Salem,Wasselin,swasselin3l@blog.com,Accounting
131,Huey,Arnoll,harnoll3m@privacy.gov.au,Legal
132,Kristi,Revington,krevington3n@abc.net.au,Product Management
133,Pinchas,Mummery,pmummery3o@mayoclinic.com,Business Development
134,Lyn,Mesias,lmesias3p@ehow.com,Training
135,Rivalee,Karpf,rkarpf3q@google.com.hk,Sales
136,Hollyanne,Clapton,hclapton3r@sogou.com,Product Management
137,Aldis,Fencott,afencott3s@addthis.com,Research and Development
138,Merrel,Cameron,mcameron3t@google.it,Accounting
139,Cristy,Dahle,cdahle3u@mtv.com,Legal
140,Nissy,Dunan,ndunan3v@posterous.com,Services
141,Billy,Gurling,bgurling3w@soundcloud.com,Business Development
142,Tatiania,Nussen,tnussen3x@cocolog-nifty.com,Engineering
143,Dede,Elgey,delgey3y@netlog.com,Support
144,Tracee,Jopson,tjopson3z@slate.com,Marketing
145,Arlen,Odde,aodde40@deliciousdays.com,Human Resources
146,Cyndie,Aland,caland41@wired.com,Support
147,Murielle,Velde,mvelde42@gnu.org,Legal
148,Vilma,Pilpovic,vpilpovic43@mlb.com,Training
149,Martica,Tinkham,mtinkham44@hexun.com,Sales
150,Harvey,Nardrup,hnardrup45@independent.co.uk,Research and Development
151,Sheeree,Romaine,sromaine46@patch.com,Research and Development
152,Salomi,Simonetto,ssimonetto47@cocolog-nifty.com,Accounting
153,Osmund,Backes,obackes48@ucla.edu,Support
154,Barry,Brachell,bbrachell49@hugedomains.com,Engineering
155,Tori,Kerton,tkerton4a@upenn.edu,Business Development
156,Giulietta,Beagan,gbeagan4b@wufoo.com,Research and Development
157,Rube,Sheehan,rsheehan4c@cnn.com,Services
158,Sidonnie,Keatley,skeatley4d@hud.gov,Training
159,Ches,Elvy,celvy4e@blog.com,Human Resources
160,Kandy,MacSorley,kmacsorley4f@reference.com,Support
161,Tomasina,Dunseith,tdunseith4g@drupal.org,Product Management
162,Monro,Culshaw,mculshaw4h@tmall.com,Research and Development
163,Katina,McMechan,kmcmechan4i@nbcnews.com,Business Development
164,Paolo,Wiltshear,pwiltshear4j@tripadvisor.com,Legal
165,Cathyleen,Cunradi,ccunradi4k@sitemeter.com,Business Development
166,Avrom,Woolfitt,awoolfitt4l@buzzfeed.com,Accounting
167,Yurik,Laydel,ylaydel4m@baidu.com,Legal
168,Wilhelm,Benediktovich,wbenediktovich4n@imdb.com,Sales
169,Yurik,Spaice,yspaice4o@ihg.com,Marketing
170,Nessa,Cartman,ncartman4p@rakuten.co.jp,Services
171,Lizette,Goodlud,lgoodlud4q@e-recht24.de,Business Development
172,Barbee,Lauritsen,blauritsen4r@cocolog-nifty.com,Legal
173,Marie,Smidmoor,msmidmoor4s@oracle.com,Human Resources
174,Joyce,Sharkey,jsharkey4t@usnews.com,Legal
175,Antonietta,McMenamy,amcmenamy4u@hud.gov,Research and Development
176,Vivia,Petkov,vpetkov4v@icio.us,Human Resources
177,Vivi,Roden,vroden4w@earthlink.net,Business Development
178,Valenka,Kensett,vkensett4x@webs.com,Services
179,Robbin,Huggons,rhuggons4y@mtv.com,Human Resources
180,Lenette,Leynton,lleynton4z@ibm.com,Legal
181,Drugi,Schuler,dschuler50@nps.gov,Marketing
182,Maressa,Okeshott,mokeshott51@godaddy.com,Training
183,Onfre,Demead,odemead52@webmd.com,Training
184,Odella,Rossbrooke,orossbrooke53@tripadvisor.com,Business Development
185,Donnie,Kirk,dkirk54@theglobeandmail.com,Research and Development
186,Arlene,Keave,akeave55@instagram.com,Product Management
187,Mattie,Smitten,msmitten56@china.com.cn,Sales
188,Ario,Sancraft,asancraft57@mediafire.com,Research and Development
189,Dorree,Kibel,dkibel58@altervista.org,Accounting
190,Port,Deeves,pdeeves59@google.nl,Training
191,Victoria,Priddy,vpriddy5a@meetup.com,Product Management
192,Lorraine,Mullenger,lmullenger5b@mashable.com,Training
193,Dulcea,Dacombe,ddacombe5c@newsvine.com,Support
194,Vera,Shory,vshory5d@myspace.com,Support
195,Ermengarde,Capstake,ecapstake5e@acquirethisname.com,Sales
196,Bernice,Ishak,bishak5f@friendfeed.com,Marketing
197,Frederigo,Farmer,ffarmer5g@skype.com,Legal
198,Ingrim,Dredge,idredge5h@indiatimes.com,Services
199,Clywd,Dennerley,cdennerley5i@un.org,Accounting
200,Ximenes,Luckin,xluckin5j@blogtalkradio.com,Research and Development
201,Creight,Orgen,corgen5k@toplist.cz,Research and Development
202,Selig,Alexsandrowicz,salexsandrowicz5l@pcworld.com,Engineering
203,Germaine,Dymott,gdymott5m@acquirethisname.com,Legal
204,Oates,Colvin,ocolvin5n@utexas.edu,Legal
205,Paulo,Couzens,pcouzens5o@paginegialle.it,Product Management
206,Winnie,Erbain,werbain5p@reverbnation.com,Legal
207,Quentin,Tappin,qtappin5q@github.io,Product Management
208,Delia,Freckingham,dfreckingham5r@usa.gov,Sales
209,Diego,Antoniewicz,dantoniewicz5s@hhs.gov,Research and Development
210,Sayre,Ivanenko,sivanenko5t@pbs.org,Sales
211,Wilden,Kunath,wkunath5u@google.co.jp,Services
212,Cybil,Lancaster,clancaster5v@blogs.com,Research and Development
213,Goddard,Lyness,glyness5w@spiegel.de,Sales
214,Alford,Pomfrey,apomfrey5x@yahoo.co.jp,Research and Development
215,Jereme,Twallin,jtwallin5y@sbwire.com,Support
216,Kendricks,Barnwall,kbarnwall5z@yahoo.com,Marketing
217,Evangelia,Rego,erego60@comcast.net,Support
218,Gayle,Spanswick,gspanswick61@chron.com,Sales
219,Lin,Ronci,lronci62@fastcompany.com,Product Management
220,Hailee,Cormode,hcormode63@ftc.gov,Engineering
221,Joane,Bodiam,jbodiam64@netscape.com,Product Management
222,Zackariah,Riddall,zriddall65@techcrunch.com,Sales
223,Rina,Antonucci,rantonucci66@toplist.cz,Engineering
224,Abeu,Seccombe,aseccombe67@census.gov,Marketing
225,Estrellita,Grigoliis,egrigoliis68@soup.io,Accounting
226,Alessandro,Hast,ahast69@com.com,Legal
227,Rhea,Topaz,rtopaz6a@histats.com,Support
228,Enrica,Ivimey,eivimey6b@freewebs.com,Engineering
229,Alister,Cruft,acruft6c@histats.com,Business Development
230,Dene,Somerled,dsomerled6d@uol.com.br,Sales
231,Angeli,Grise,agrise6e@unblog.fr,Human Resources
232,Willy,MacTrustrie,wmactrustrie6f@geocities.jp,Product Management
233,Jed,McGeaney,jmcgeaney6g@linkedin.com,Business Development
234,Buck,Cloonan,bcloonan6h@cbsnews.com,Sales
235,Tami,Legonidec,tlegonidec6i@theatlantic.com,Business Development
236,Tracy,Eads,teads6j@businessinsider.com,Services
237,Glenine,Leyband,gleyband6k@skyrock.com,Legal
238,Rodolphe,Candelin,rcandelin6l@cmu.edu,Legal
239,Brok,Dorrell,bdorrell6m@ebay.co.uk,Research and Development
240,Prinz,Bushe,pbushe6n@prweb.com,Support
241,Hazel,Gawke,hgawke6o@lulu.com,Legal
242,Pearce,Veldstra,pveldstra6p@wiley.com,Services
243,Jeanie,Asgodby,jasgodby6q@home.pl,Human Resources
244,Benetta,Acey,bacey6r@ebay.com,Training
245,Janith,Becker,jbecker6s@etsy.com,Accounting
246,Paola,O'Dyvoie,podyvoie6t@smugmug.com,Accounting
247,Gibbie,Haensel,ghaensel6u@cdc.gov,Legal
248,Florance,Widocks,fwidocks6v@paypal.com,Accounting
249,Nonna,Hasser,nhasser6w@yale.edu,Marketing
250,Ephraim,Lamke,elamke6x@bandcamp.com,Training
251,Ruthann,Burland,rburland6y@shareasale.com,Marketing
252,Aleda,Walklot,awalklot6z@deviantart.com,Engineering
253,Kenon,Musprat,kmusprat70@list-manage.com,Legal
254,Misti,Jancey,mjancey71@wunderground.com,Research and Development
255,Lyndsey,Rove,lrove72@diigo.com,Legal
256,Jocelyne,Gwatkin,jgwatkin73@cdc.gov,Marketing
257,Wilden,Tarbert,wtarbert74@adobe.com,Marketing
258,Rab,Radborne,rradborne75@usatoday.com,Sales
259,Harli,Rhodef,hrhodef76@wsj.com,Human Resources
260,Ariana,Hanrott,ahanrott77@noaa.gov,Support
261,Farlie,Sedgefield,fsedgefield78@ca.gov,Research and Development
262,Abrahan,Duetsche,aduetsche79@cbc.ca,Training
263,Lyssa,Siflet,lsiflet7a@cocolog-nifty.com,Services
264,Bell,Gascoine,bgascoine7b@google.ca,Research and Development
265,Axel,Brookton,abrookton7c@patch.com,Legal
266,Sherry,Mammatt,smammatt7d@washingtonpost.com,Sales
267,Willetta,Snar,wsnar7e@alexa.com,Human Resources
268,Car,Forge,cforge7f@ycombinator.com,Product Management
269,Shelby,Brewer,sbrewer7g@hao123.com,Marketing
270,Stace,Dominick,sdominick7h@blogspot.com,Business Development
271,Jean,Catley,jcatley7i@360.cn,Engineering
272,Shantee,Wannell,swannell7j@aol.com,Business Development
273,Donnamarie,Pottery,dpottery7k@wisc.edu,Training
274,Gaylord,Whartonby,gwhartonby7l@webeden.co.uk,Product Management
275,Bianca,Deverock,bdeverock7m@epa.gov,Accounting
276,Cathlene,Belcher,cbelcher7n@github.io,Training
277,Alasteir,Vermer,avermer7o@house.gov,Sales
278,Madel,Gault,mgault7p@barnesandnoble.com,Human Resources
279,Yevette,Haysar,yhaysar7q@spotify.com,Marketing
280,Filia,Whitter,fwhitter7r@nifty.com,Engineering
281,Leeland,Djorevic,ldjorevic7s@twitpic.com,Product Management
282,Bernarr,Gooms,bgooms7t@technorati.com,Business Development
283,Andromache,Alan,aalan7u@springer.com,Training
284,Elihu,Jacmar,ejacmar7v@springer.com,Services
285,Starlene,Jamson,sjamson7w@shareasale.com,Training
286,Allina,Westoff,awestoff7x@netvibes.com,Business Development
287,Francesca,Wasiel,fwasiel7y@google.it,Marketing
288,Arty,Weond,aweond7z@abc.net.au,Services
289,Anatola,Petit,apetit80@icio.us,Product Management
290,Celestyn,Bachanski,cbachanski81@sina.com.cn,Sales
291,Bastien,Dallewater,bdallewater82@tuttocitta.it,Services
292,Elfrida,De Gregario,edegregario83@nih.gov,Engineering
293,Belicia,Gransden,bgransden84@ow.ly,Research and Development
294,Palm,Street,pstreet85@google.ca,Product Management
295,Krista,Stanistreet,kstanistreet86@mac.com,Accounting
296,Leena,Laviste,llaviste87@friendfeed.com,Product Management
297,Brana,Dood,bdood88@sitemeter.com,Accounting
298,Feodor,Maling,fmaling89@sciencedaily.com,Business Development
299,Kendell,Scarman,kscarman8a@goo.ne.jp,Support
300,Christiana,Crichton,ccrichton8b@fastcompany.com,Business Development
301,Katleen,Calley,kcalley8c@bbc.co.uk,Training
302,Den,Walkden,dwalkden8d@twitter.com,Business Development
303,Shurwood,Lewsey,slewsey8e@clickbank.net,Marketing
304,Corenda,Kleinstub,ckleinstub8f@amazon.com,Human Resources
305,Langston,Studde,lstudde8g@google.co.uk,Support
306,Wilona,Raggatt,wraggatt8h@purevolume.com,Sales
307,Ambrose,Rowling,arowling8i@geocities.com,Support
308,Lettie,Swidenbank,lswidenbank8j@google.co.uk,Engineering
309,Caron,Blaxeland,cblaxeland8k@shutterfly.com,Product Management
310,Jodie,Dike,jdike8l@mediafire.com,Accounting
311,Netti,Zink,nzink8m@cdbaby.com,Human Resources
312,Gabbey,Tantum,gtantum8n@is.gd,Services
313,Rubetta,Pirot,rpirot8o@pinterest.com,Support
314,Nathanil,Carnock,ncarnock8p@google.co.uk,Business Development
315,Lorrin,Dessant,ldessant8q@reverbnation.com,Research and Development
316,Inglebert,Edmead,iedmead8r@seesaa.net,Research and Development
317,Christos,Helkin,chelkin8s@intel.com,Legal
318,Mab,Mathen,mmathen8t@dagondesign.com,Product Management
319,Lin,Tibbetts,ltibbetts8u@blogspot.com,Marketing
320,Klarika,Crebo,kcrebo8v@washingtonpost.com,Product Management
321,Raf,Debill,rdebill8w@quantcast.com,Human Resources
322,Adelheid,Soles,asoles8x@xrea.com,Engineering
323,Stella,Killingback,skillingback8y@xrea.com,Product Management
324,Hendrika,Leipold,hleipold8z@mediafire.com,Support
325,Flossy,Woodington,fwoodington90@ucoz.com,Business Development
326,Gayle,Grindley,ggrindley91@answers.com,Accounting
327,Toinette,Low,tlow92@state.gov,Training
328,Ruth,Riddles,rriddles93@mysql.com,Product Management
329,Darrell,Leverington,dleverington94@blogs.com,Engineering
330,Barnebas,Clowton,bclowton95@amazon.co.uk,Human Resources
331,Zola,Crowest,zcrowest96@wordpress.com,Training
332,Jobye,Bestwick,jbestwick97@sogou.com,Training
333,Eilis,Rostron,erostron98@digg.com,Accounting
334,Kenny,Tune,ktune99@bigcartel.com,Support
335,Gerianna,Broune,gbroune9a@over-blog.com,Accounting
336,Jolene,Dracey,jdracey9b@cam.ac.uk,Research and Development
337,Halette,Szreter,hszreter9c@i2i.jp,Legal
338,Gypsy,Donnett,gdonnett9d@simplemachines.org,Human Resources
339,Prince,Oldknow,poldknow9e@zimbio.com,Services
340,Lorena,Billson,lbillson9f@wikimedia.org,Support
341,Ardine,Brash,abrash9g@comcast.net,Research and Development
342,Hadleigh,Weakley,hweakley9h@google.it,Support
343,Farly,Tarbett,ftarbett9i@list-manage.com,Services
344,Britt,Leadley,bleadley9j@e-recht24.de,Human Resources
345,Sile,Vickress,svickress9k@bluehost.com,Marketing
346,Rosy,Pleuman,rpleuman9l@list-manage.com,Human Resources
347,Karole,Charer,kcharer9m@studiopress.com,Training
348,Etti,Niezen,eniezen9n@icio.us,Marketing
349,Gabbey,William,gwilliam9o@nhs.uk,Services
350,Morgun,Baudesson,mbaudesson9p@paypal.com,Engineering
351,Thalia,Simmens,tsimmens9q@latimes.com,Sales
352,Ludvig,Petford,lpetford9r@deviantart.com,Training
353,Tabb,Abramov,tabramov9s@webeden.co.uk,Sales
354,Serene,Ronisch,sronisch9t@google.com.br,Product Management
355,Theodora,Caulder,tcaulder9u@altervista.org,Human Resources
356,Gisella,Astridge,gastridge9v@gmpg.org,Marketing
357,Elijah,Kearton,ekearton9w@cbsnews.com,Accounting
358,Mona,Venners,mvenners9x@studiopress.com,Services
359,Annora,Butchart,abutchart9y@wiley.com,Support
360,Kellen,Greasty,kgreasty9z@google.ru,Sales
361,Binnie,Costock,bcostocka0@yandex.ru,Sales
362,Danny,Armin,darmina1@hibu.com,Accounting
363,Bryce,Spurryer,bspurryera2@businessinsider.com,Sales
364,Everett,Whiteoak,ewhiteoaka3@behance.net,Product Management
365,Claudie,Cristoforo,ccristoforoa4@163.com,Accounting
366,Ardyce,Dubock,adubocka5@google.cn,Sales
367,Roselin,Cave,rcavea6@economist.com,Training
368,Hamlin,Petworth,hpetwortha7@nationalgeographic.com,Human Resources
369,Philomena,Issacov,pissacova8@prweb.com,Support
370,Tedmund,Wilkison,twilkisona9@apple.com,Accounting
371,Davine,Clows,dclowsaa@time.com,Legal
372,Cris,Hanes,chanesab@stumbleupon.com,Support
373,Joellyn,Vannini,jvanniniac@moonfruit.com,Training
374,Anabal,Struis,astruisad@businessweek.com,Accounting
375,Marchall,Baverstock,mbaverstockae@usda.gov,Accounting
376,Lucienne,Speirs,lspeirsaf@businesswire.com,Engineering
377,Mada,Tewkesberry,mtewkesberryag@wunderground.com,Research and Development
378,Kellie,Ruddlesden,kruddlesdenah@umn.edu,Sales
379,Darcie,Verryan,dverryanai@google.cn,Business Development
380,Randi,Guest,rguestaj@wikipedia.org,Engineering
381,Marissa,Townshend,mtownshendak@cisco.com,Engineering
382,Mel,Kleinbaum,mkleinbaumal@facebook.com,Legal
383,Thurston,Reckless,trecklessam@yahoo.com,Business Development
384,Biron,Kinson,bkinsonan@omniture.com,Engineering
385,Romola,Eccles,recclesao@printfriendly.com,Marketing
386,Shurlocke,Iacovuzzi,siacovuzziap@hao123.com,Engineering
387,Brigida,Endrici,bendriciaq@typepad.com,Legal
388,Arlana,Draxford,adraxfordar@statcounter.com,Accounting
389,Ax,Cobbled,acobbledas@sitemeter.com,Human Resources
390,Codi,Phelipeaux,cphelipeauxat@msn.com,Services
391,Samson,Reynish,sreynishau@uiuc.edu,Services
392,Edmon,McGeechan,emcgeechanav@walmart.com,Legal
393,Yvon,Whyberd,ywhyberdaw@foxnews.com,Training
394,Cordy,Domingues,cdominguesax@guardian.co.uk,Legal
395,Shauna,Mackrill,smackrillay@blogger.com,Human Resources
396,Goddart,Lanfere,glanfereaz@1und1.de,Legal
397,Corinna,Vinton,cvintonb0@google.es,Research and Development
398,Chaddy,Blanchet,cblanchetb1@a8.net,Research and Development
399,Abby,Fowden,afowdenb2@last.fm,Accounting
400,Steven,Ingree,singreeb3@pinterest.com,Research and Development
401,Penni,Challes,pchallesb4@wordpress.org,Training
402,Ronalda,Stoate,rstoateb5@weibo.com,Legal
403,Marmaduke,Ticksall,mticksallb6@unesco.org,Business Development
404,Renelle,Stango,rstangob7@woothemes.com,Services
405,Leia,Nardoni,lnardonib8@wordpress.org,Training
406,Rex,By,rbyb9@histats.com,Human Resources
407,Atlante,Dahlen,adahlenba@surveymonkey.com,Research and Development
408,Eliza,Thews,ethewsbb@fastcompany.com,Product Management
409,Juliane,Wrate,jwratebc@ft.com,Legal
410,Lenee,Reisk,lreiskbd@tripod.com,Services
411,Giulio,Beart,gbeartbe@jiathis.com,Research and Development
412,Reynard,Gonoude,rgonoudebf@indiatimes.com,Services
413,Cosimo,Allcroft,callcroftbg@webs.com,Legal
414,Nate,Burdas,nburdasbh@acquirethisname.com,Training
415,Courtenay,Jephcote,cjephcotebi@google.es,Support
416,Alf,MacPaike,amacpaikebj@nasa.gov,Accounting
417,Levy,Stack,lstackbk@elpais.com,Accounting
418,Benny,Kornilov,bkornilovbl@addthis.com,Research and Development
419,Tris,Millins,tmillinsbm@xinhuanet.com,Engineering
420,Ranice,Geldeford,rgeldefordbn@goo.gl,Services
421,Bendite,McWhirter,bmcwhirterbo@booking.com,Product Management
422,Jerrome,Wagenen,jwagenenbp@reuters.com,Human Resources
423,Elizabet,Sanz,esanzbq@skype.com,Legal
424,Anton,Garrud,agarrudbr@netlog.com,Legal
425,Austen,Hadeke,ahadekebs@samsung.com,Legal
426,Bethany,Brandone,bbrandonebt@php.net,Product Management
427,Dre,Freen,dfreenbu@salon.com,Support
428,Bone,Fidelli,bfidellibv@over-blog.com,Accounting
429,Joela,Rama,jramabw@bloglines.com,Sales
430,Nicol,Ranscomb,nranscombbx@comcast.net,Research and Development
431,Silvanus,Barlie,sbarlieby@pcworld.com,Marketing
432,Danila,Tofanelli,dtofanellibz@hhs.gov,Support
433,Averil,Kastel,akastelc0@storify.com,Legal
434,Gabi,Hegge,gheggec1@walmart.com,Sales
435,El,Gerok,egerokc2@etsy.com,Sales
436,Tootsie,Benian,tbenianc3@npr.org,Research and Development
437,Cordie,Parks,cparksc4@nyu.edu,Product Management
438,Charmane,Handrek,chandrekc5@dailymotion.com,Legal
439,Doria,Caulket,dcaulketc6@arizona.edu,Human Resources
440,Carolina,Martusov,cmartusovc7@irs.gov,Marketing
441,Owen,Masedon,omasedonc8@japanpost.jp,Legal
442,Pen,Lount,plountc9@zdnet.com,Research and Development
443,Ginger,Simmonds,gsimmondsca@patch.com,Sales
444,Donelle,Saward,dsawardcb@furl.net,Accounting
445,Port,Rylstone,prylstonecc@hao123.com,Research and Development
446,Michel,D' Angelo,mdangelocd@blogspot.com,Sales
447,Portia,Marquiss,pmarquissce@altervista.org,Services
448,Chauncey,Durtnell,cdurtnellcf@youtube.com,Marketing
449,Perrine,Le Barr,plebarrcg@ebay.com,Human Resources
450,Cliff,Sherville,cshervillech@google.nl,Services
451,Aeriela,Culpin,aculpinci@squidoo.com,Training
452,Laverne,Fitzsimmons,lfitzsimmonscj@yellowbook.com,Sales
453,Biddy,Chalfont,bchalfontck@oracle.com,Services
454,Blane,Fantham,bfanthamcl@ibm.com,Legal
455,Doyle,Verrechia,dverrechiacm@fda.gov,Marketing
456,Garth,Duffett,gduffettcn@blog.com,Marketing
457,Tamqrah,Laurisch,tlaurischco@vistaprint.com,Services
458,Christian,Craythorn,ccraythorncp@goo.gl,Training
459,Hettie,Oleshunin,holeshunincq@discovery.com,Support
460,Rosy,Martinet,rmartinetcr@elegantthemes.com,Sales
461,Nari,Davern,ndaverncs@toplist.cz,Engineering
462,Goldi,Coviello,gcovielloct@ft.com,Human Resources
463,Andrea,Dagg,adaggcu@pen.io,Accounting
464,Coleen,Nel,cnelcv@yellowpages.com,Legal
465,Alvinia,Learoid,alearoidcw@sciencedirect.com,Research and Development
466,Roxane,Flegg,rfleggcx@senate.gov,Training
467,Lincoln,Bartoli,lbartolicy@diigo.com,Business Development
468,Kleon,Borit,kboritcz@princeton.edu,Support
469,Corie,Fishburn,cfishburnd0@howstuffworks.com,Marketing
470,Jarid,Langston,jlangstond1@w3.org,Support
471,Maxie,Petkov,mpetkovd2@de.vu,Accounting
472,Jaime,Lobell,jlobelld3@fda.gov,Product Management
473,Linn,Pledge,lpledged4@apache.org,Legal
474,Darrelle,Headingham,dheadinghamd5@ezinearticles.com,Legal
475,Iona,Alejo,ialejod6@canalblog.com,Business Development
476,Ezra,Kieff,ekieffd7@desdev.cn,Accounting
477,Marjory,Sillwood,msillwoodd8@chronoengine.com,Services
478,Edna,Tromans,etromansd9@ebay.co.uk,Sales
479,Britt,Pic,bpicda@bloglines.com,Marketing
480,Hal,Baggs,hbaggsdb@ycombinator.com,Product Management
481,Keir,Tomaschke,ktomaschkedc@typepad.com,Engineering
482,Silvie,Kett,skettdd@mozilla.com,Business Development
483,Wynn,Thalmann,wthalmannde@globo.com,Engineering
484,Osgood,Arnaudet,oarnaudetdf@ycombinator.com,Support
485,Eda,Yannoni,eyannonidg@engadget.com,Engineering
486,Pepita,Gallihaulk,pgallihaulkdh@bbb.org,Sales
487,Cosetta,Legan,clegandi@seesaa.net,Accounting
488,Husein,Agg,haggdj@amazon.com,Training
489,Evyn,Lambersen,elambersendk@typepad.com,Training
490,Hector,Kennealy,hkennealydl@spotify.com,Research and Development
491,Goldy,Balsillie,gbalsilliedm@google.com.hk,Business Development
492,Tilly,Josskovitz,tjosskovitzdn@hc360.com,Business Development
493,Micheal,Archibould,marchiboulddo@sciencedaily.com,Product Management
494,Timmy,Mulrenan,tmulrenandp@ebay.com,Accounting
495,Theda,Ismay,tismaydq@wired.com,Marketing
496,Izaak,Littrell,ilittrelldr@apache.org,Research and Development
497,Raimundo,Mackinder,rmackinderds@multiply.com,Research and Development
498,Reider,Rugg,rruggdt@woothemes.com,Human Resources
499,Danielle,Cratchley,dcratchleydu@instagram.com,Legal
500,Heddie,Spellar,hspellardv@jigsy.com,Accounting
501,Kassi,Pendleberry,kpendleberrydw@yahoo.com,Product Management
502,Isobel,Pomery,ipomerydx@symantec.com,Product Management
503,Archie,O'Finan,aofinandy@smh.com.au,Services
504,Boycey,Christofor,bchristofordz@g.co,Business Development
505,Dunstan,Watkin,dwatkine0@tinyurl.com,Support
506,Rica,Tohill,rtohille1@reference.com,Training
507,Waylon,Southon,wsouthone2@earthlink.net,Research and Development
508,Artemis,Ahlin,aahline3@unicef.org,Product Management
509,Cecil,Eddicott,ceddicotte4@fda.gov,Business Development
510,Kalle,Skeete,kskeetee5@zimbio.com,Research and Development
511,Giselle,Sandiford,gsandiforde6@tinyurl.com,Training
512,Roley,Fudge,rfudgee7@accuweather.com,Sales
513,Art,Willshear,awillsheare8@hibu.com,Human Resources
514,Tabbi,Mathevet,tmathevete9@chronoengine.com,Support
515,Gabriel,Dorgan,gdorganea@51.la,Marketing
516,Constantine,Muehler,cmuehlereb@cdbaby.com,Training
517,Clerc,Dinnis,cdinnisec@is.gd,Product Management
518,Lora,Adami,ladamied@weibo.com,Human Resources
519,Onfre,Beard,obeardee@bizjournals.com,Support
520,Mattias,Milan,mmilanef@vinaora.com,Engineering
521,Deb,MacCostigan,dmaccostiganeg@newsvine.com,Training
522,Horten,Filyukov,hfilyukoveh@google.de,Marketing
523,Fraze,Bambrick,fbambrickei@uol.com.br,Engineering
524,Wilfred,Jirieck,wjirieckej@plala.or.jp,Support
525,Yancey,Regler,yreglerek@theatlantic.com,Accounting
526,Filbert,Dominick,fdominickel@pagesperso-orange.fr,Accounting
527,Bertram,Tunnick,btunnickem@go.com,Business Development
528,Julianne,Boydon,jboydonen@cbsnews.com,Research and Development
529,Nedda,Rustich,nrusticheo@usgs.gov,Services
530,Cassie,Eastwood,ceastwoodep@intel.com,Support
531,Dwight,Longmaid,dlongmaideq@adobe.com,Training
532,Booth,Garahan,bgarahaner@deviantart.com,Research and Development
533,Jenni,Forge,jforgees@apple.com,Business Development
534,Aleksandr,Mitchelmore,amitchelmoreet@mysql.com,Product Management
535,Mathilda,Bessell,mbesselleu@google.cn,Marketing
536,Gifford,Marzello,gmarzelloev@mit.edu,Human Resources
537,Malorie,Boal,mboalew@comsenz.com,Training
538,Milly,Verrall,mverrallex@ucla.edu,Sales
539,Cindie,Eichmann,ceichmanney@hexun.com,Services
540,Irita,Brewin,ibrewinez@multiply.com,Accounting
541,Tatiana,Jurca,tjurcaf0@blogspot.com,Sales
542,Paula,Cartmill,pcartmillf1@moonfruit.com,Services
543,Terrie,Smalcombe,tsmalcombef2@hexun.com,Services
544,Aurelia,Henric,ahenricf3@canalblog.com,Training
545,Charo,Ballay,cballayf4@google.com.au,Training
546,Emilio,Lafond,elafondf5@meetup.com,Human Resources
547,Kala,Jedrzejkiewicz,kjedrzejkiewiczf6@merriam-webster.com,Legal
548,Mehetabel,Vine,mvinef7@skype.com,Legal
549,Normie,Ayree,nayreef8@phpbb.com,Legal
550,Riccardo,Morsom,rmorsomf9@geocities.jp,Training
551,Carena,Liven,clivenfa@jalbum.net,Services
552,Lanie,Lazenby,llazenbyfb@nhs.uk,Marketing
553,Billye,Shilvock,bshilvockfc@prlog.org,Support
554,Paolo,Loudian,ploudianfd@mayoclinic.com,Services
555,Davide,Godbert,dgodbertfe@microsoft.com,Training
556,Sunny,Whitlow,swhitlowff@ifeng.com,Accounting
557,Zorine,Mcasparan,zmcasparanfg@tinyurl.com,Engineering
558,Finn,Dobbson,fdobbsonfh@dmoz.org,Accounting
559,Sander,Ast,sastfi@dropbox.com,Engineering
560,Justis,Camolli,jcamollifj@usda.gov,Accounting
561,Jacky,Langley,jlangleyfk@timesonline.co.uk,Legal
562,Goldarina,Salzberg,gsalzbergfl@dmoz.org,Business Development
563,Matthieu,Geertje,mgeertjefm@posterous.com,Services
564,Cort,Doumer,cdoumerfn@rambler.ru,Accounting
565,Maureene,Hacksby,mhacksbyfo@omniture.com,Sales
566,Jenine,Sommerland,jsommerlandfp@springer.com,Sales
567,Dodie,Spriddle,dspriddlefq@yelp.com,Support
568,Lauritz,Glenwright,lglenwrightfr@cnn.com,Product Management
569,Jeniffer,Dunckley,jdunckleyfs@chron.com,Training
570,Valeda,Lomath,vlomathft@baidu.com,Product Management
571,Ralf,Cramond,rcramondfu@delicious.com,Services
572,Annice,Daughtrey,adaughtreyfv@jigsy.com,Marketing
573,Danielle,Aldersley,daldersleyfw@networksolutions.com,Marketing
574,Talbot,Duetschens,tduetschensfx@scientificamerican.com,Product Management
575,Florian,Clementi,fclementify@yolasite.com,Support
576,Helen,Mence,hmencefz@wufoo.com,Legal
577,Florina,Gatland,fgatlandg0@yelp.com,Training
578,Ysabel,Dulson,ydulsong1@seattletimes.com,Product Management
579,Phillida,Cottier,pcottierg2@businessweek.com,Research and Development
580,Rania,Wellman,rwellmang3@ezinearticles.com,Human Resources
581,Halie,Sutherel,hsutherelg4@cocolog-nifty.com,Business Development
582,Crystal,Mityashev,cmityashevg5@home.pl,Legal
583,Kelby,Seefeldt,kseefeldtg6@dot.gov,Services
584,Anatollo,Cathersides,acathersidesg7@squidoo.com,Training
585,Sabine,Knappett,sknappettg8@howstuffworks.com,Product Management
586,Newton,Boutellier,nboutellierg9@japanpost.jp,Marketing
587,Glennis,Renhard,grenhardga@slashdot.org,Accounting
588,Alex,Shales,ashalesgb@timesonline.co.uk,Sales
589,Lilyan,Anton,lantongc@zimbio.com,Marketing
590,Blair,Le Gassick,blegassickgd@diigo.com,Engineering
591,Gauthier,Trenholm,gtrenholmge@4shared.com,Services
592,Robinet,Alford,ralfordgf@dmoz.org,Services
593,Candra,Coggen,ccoggengg@nytimes.com,Services
594,Cecilla,Maypole,cmaypolegh@telegraph.co.uk,Legal
595,Worthy,Eul,weulgi@yelp.com,Accounting
596,Adi,Fortun,afortungj@washington.edu,Human Resources
597,Gauthier,Follet,gfolletgk@narod.ru,Services
598,Tan,Tower,ttowergl@dailymotion.com,Engineering
599,Johnathan,Attewell,jattewellgm@blogspot.com,Support
600,Ive,Mackilpatrick,imackilpatrickgn@tripadvisor.com,Product Management
601,Ruby,Jimeno,rjimenogo@arizona.edu,Engineering
602,Jeffry,Eversley,jeversleygp@biglobe.ne.jp,Support
603,Si,Juszczyk,sjuszczykgq@psu.edu,Services
604,Doroteya,Shillitoe,dshillitoegr@bigcartel.com,Marketing
605,Cherianne,Phillimore,cphillimoregs@vkontakte.ru,Marketing
606,Eduino,Wootton,ewoottongt@weather.com,Engineering
607,Shirleen,Pendell,spendellgu@ucla.edu,Product Management
608,Greg,Dunridge,gdunridgegv@altervista.org,Human Resources
609,Osbourne,Chree,ochreegw@clickbank.net,Engineering
610,Mufinella,Ibbison,mibbisongx@yelp.com,Support
611,Tabbie,Elves,telvesgy@hc360.com,Research and Development
612,Kizzee,Waye,kwayegz@globo.com,Services
613,Jo,Mathou,jmathouh0@bizjournals.com,Marketing
614,Tod,Liverock,tliverockh1@i2i.jp,Accounting
615,Meir,McGrorty,mmcgrortyh2@shareasale.com,Business Development
616,Roseanne,Aulds,rauldsh3@newsvine.com,Accounting
617,Jerry,Dagless,jdaglessh4@163.com,Accounting
618,Rosalinda,Brevetor,rbrevetorh5@nasa.gov,Support
619,Clement,Cayle,ccayleh6@google.com.hk,Training
620,Hedvig,Asgodby,hasgodbyh7@tuttocitta.it,Engineering
621,Hanan,Fellgatt,hfellgatth8@wikimedia.org,Marketing
622,Taite,Rowston,trowstonh9@craigslist.org,Product Management
623,Aubine,Murkin,amurkinha@hud.gov,Services
624,L;urette,Rigts,lrigtshb@abc.net.au,Research and Development
625,Moishe,Wapples,mwappleshc@over-blog.com,Sales
626,Lou,Janoschek,ljanoschekhd@ucoz.com,Services
627,Lilyan,Hurd,lhurdhe@dion.ne.jp,Accounting
628,Crissy,Horick,chorickhf@moonfruit.com,Product Management
629,Lacey,Lehrmann,llehrmannhg@nature.com,Support
630,Marsha,Maving,mmavinghh@opera.com,Accounting
631,Corissa,Gilhooley,cgilhooleyhi@woothemes.com,Engineering
632,Flossie,Littlecote,flittlecotehj@posterous.com,Support
633,Kellie,Boulden,kbouldenhk@newyorker.com,Support
634,Philomena,Leuren,pleurenhl@wordpress.org,Human Resources
635,Emili,Rapo,erapohm@w3.org,Support
636,Brande,Belvin,bbelvinhn@mtv.com,Training
637,Kent,Calvard,kcalvardho@blogs.com,Support
638,Maurits,Werrett,mwerretthp@people.com.cn,Business Development
639,Martino,Crutch,mcrutchhq@blogs.com,Services
640,Nataline,Boone,nboonehr@bandcamp.com,Product Management
641,Josias,Messruther,jmessrutherhs@baidu.com,Marketing
642,Dela,Maciak,dmaciakht@cbslocal.com,Human Resources
643,Kale,Jorck,kjorckhu@wired.com,Marketing
644,Madge,Pawlata,mpawlatahv@seesaa.net,Business Development
645,Othilia,Michele,omichelehw@google.fr,Research and Development
646,Aarika,Challenger,achallengerhx@nymag.com,Research and Development
647,Keeley,Dawbury,kdawburyhy@pen.io,Training
648,Haven,Burgne,hburgnehz@shutterfly.com,Business Development
649,Jan,Jennison,jjennisoni0@virginia.edu,Training
650,Bay,Parradye,bparradyei1@toplist.cz,Business Development
651,Gualterio,Frossell,gfrosselli2@ow.ly,Business Development
652,Chet,Dixcee,cdixceei3@histats.com,Research and Development
653,Brett,Wonfar,bwonfari4@howstuffworks.com,Human Resources
654,Deane,Anthill,danthilli5@redcross.org,Legal
655,Yvor,Hulkes,yhulkesi6@bloglovin.com,Marketing
656,Zaneta,Doree,zdoreei7@hibu.com,Human Resources
657,Leupold,Choake,lchoakei8@technorati.com,Support
658,Tynan,Tunney,ttunneyi9@arizona.edu,Legal
659,Rhodie,Stanfield,rstanfieldia@nydailynews.com,Product Management
660,Casi,Philippe,cphilippeib@alibaba.com,Marketing
661,Faunie,Ackenson,fackensonic@miibeian.gov.cn,Training
662,Devin,Mackerel,dmackerelid@live.com,Services
663,Guillermo,Parrot,gparrotie@umich.edu,Business Development
664,Charleen,Bwy,cbwyif@ucsd.edu,Legal
665,Cornelle,Luten,clutenig@yellowpages.com,Services
666,Beckie,Di Biasio,bdibiasioih@independent.co.uk,Support
667,Ileana,Sadlier,isadlierii@alexa.com,Services
668,Jonas,Castagneto,jcastagnetoij@imdb.com,Sales
669,Melanie,Sloy,msloyik@springer.com,Support
670,Jocelin,Toy,jtoyil@census.gov,Marketing
671,Puff,Bandiera,pbandieraim@thetimes.co.uk,Legal
672,Silvester,Hallewell,shallewellin@youku.com,Accounting
673,Meade,Argontt,margonttio@elpais.com,Legal
674,Claudetta,Clemson,cclemsonip@livejournal.com,Sales
675,Alon,Bramstom,abramstomiq@barnesandnoble.com,Training
676,Arlie,Bettles,abettlesir@boston.com,Human Resources
677,Blithe,Dewdney,bdewdneyis@geocities.com,Engineering
678,Currie,Golsworthy,cgolsworthyit@salon.com,Support
679,Shanie,Manthroppe,smanthroppeiu@wufoo.com,Engineering
680,Cornie,Twigger,ctwiggeriv@livejournal.com,Legal
681,Rodrique,Yushankin,ryushankiniw@spiegel.de,Services
682,Janot,Oleszczak,joleszczakix@discuz.net,Marketing
683,Teddie,Allward,tallwardiy@feedburner.com,Business Development
684,Gordon,Netti,gnettiiz@xing.com,Engineering
685,Gratiana,Ballantyne,gballantynej0@wordpress.org,Services
686,Kiley,Sedgemore,ksedgemorej1@narod.ru,Marketing
687,Armstrong,Wortman,awortmanj2@aboutads.info,Business Development
688,Del,Hatzar,dhatzarj3@stumbleupon.com,Human Resources
689,Hymie,Defraine,hdefrainej4@rediff.com,Product Management
690,Jeannine,Sharma,jsharmaj5@loc.gov,Sales
691,Kally,Woodhead,kwoodheadj6@mapy.cz,Engineering
692,Merwyn,Heis,mheisj7@auda.org.au,Legal
693,Roxine,Waggett,rwaggettj8@youtube.com,Services
694,Muriel,Lissaman,mlissamanj9@discuz.net,Accounting
695,Brett,Sauvan,bsauvanja@photobucket.com,Support
696,Ermengarde,Crate,ecratejb@cbsnews.com,Support
697,Celinda,Linney,clinneyjc@amazonaws.com,Support
698,Corie,Seatter,cseatterjd@forbes.com,Research and Development
699,Edwina,Duffan,eduffanje@nhs.uk,Product Management
700,Fanny,Byneth,fbynethjf@dell.com,Engineering
701,Bartlett,Tibols,btibolsjg@etsy.com,Engineering
702,Augie,Robel,arobeljh@hc360.com,Product Management
703,Jerri,Archard,jarchardji@umich.edu,Sales
704,Rafaela,Khoter,rkhoterjj@t.co,Training
705,Sergio,Doole,sdoolejk@purevolume.com,Services
706,Auberon,Bullcock,abullcockjl@virginia.edu,Services
707,Iosep,Whitwam,iwhitwamjm@quantcast.com,Accounting
708,Elke,Eliasen,eeliasenjn@flavors.me,Services
709,Fern,Fayter,ffayterjo@1und1.de,Legal
710,Isa,Cleverly,icleverlyjp@posterous.com,Research and Development
711,Cory,Fer,cferjq@yolasite.com,Business Development
712,Luigi,Patrick,lpatrickjr@elpais.com,Human Resources
713,Meridel,Zappel,mzappeljs@cisco.com,Research and Development
714,Lynnelle,Ridpath,lridpathjt@berkeley.edu,Engineering
715,Babara,Soppit,bsoppitju@dion.ne.jp,Legal
716,Robinette,Danks,rdanksjv@merriam-webster.com,Legal
717,Kial,Goane,kgoanejw@arizona.edu,Human Resources
718,Arlan,Traise,atraisejx@mtv.com,Product Management
719,Stormy,Maben,smabenjy@mapy.cz,Legal
720,Gabrila,Jaycocks,gjaycocksjz@imdb.com,Marketing
721,Paul,Bassam,pbassamk0@guardian.co.uk,Human Resources
722,Audi,Kendrick,akendrickk1@wikia.com,Training
723,Grant,Akroyd,gakroydk2@indiegogo.com,Product Management
724,Sterne,Mioni,smionik3@blogtalkradio.com,Legal
725,Clarita,Calwell,ccalwellk4@nydailynews.com,Marketing
726,Mandy,Lugden,mlugdenk5@nbcnews.com,Support
727,Charmian,Ranking,crankingk6@printfriendly.com,Sales
728,Corella,Dioniso,cdionisok7@washington.edu,Legal
729,Westley,Chasteau,wchasteauk8@dyndns.org,Training
730,Chrisse,Sherlaw,csherlawk9@hc360.com,Support
731,Wyn,Simic,wsimicka@cnbc.com,Marketing
732,Julie,Deely,jdeelykb@independent.co.uk,Research and Development
733,Jillana,Lettuce,jlettucekc@cnbc.com,Legal
734,Rubia,Spellward,rspellwardkd@360.cn,Legal
735,Ulric,Griffithe,ugriffitheke@imdb.com,Marketing
736,Ikey,Pignon,ipignonkf@zimbio.com,Sales
737,Gonzalo,Saville,gsavillekg@mayoclinic.com,Training
738,Perla,Bernetti,pbernettikh@netscape.com,Human Resources
739,Aylmer,Lohoar,alohoarki@myspace.com,Legal
740,Thomasa,Lazare,tlazarekj@boston.com,Research and Development
741,Durante,Slewcock,dslewcockkk@symantec.com,Legal
742,Ashla,Mulqueeny,amulqueenykl@alexa.com,Support
743,Warren,Highwood,whighwoodkm@digg.com,Support
744,Agnesse,McGuane,amcguanekn@earthlink.net,Accounting
745,Aura,Eaken,aeakenko@vimeo.com,Product Management
746,Pail,Kaysor,pkaysorkp@berkeley.edu,Human Resources
747,Henderson,Brute,hbrutekq@craigslist.org,Marketing
748,Damiano,Henrot,dhenrotkr@ca.gov,Business Development
749,Ricky,Arnholz,rarnholzks@fotki.com,Accounting
750,Aluino,Rahlof,arahlofkt@admin.ch,Business Development
751,Allyn,Januszewicz,ajanuszewiczku@live.com,Services
752,Joly,Hazeldean,jhazeldeankv@yahoo.com,Marketing
753,Bianka,Pigot,bpigotkw@desdev.cn,Product Management
754,Cecilio,Easterling,ceasterlingkx@free.fr,Product Management
755,Isobel,Croster,icrosterky@mayoclinic.com,Business Development
756,Field,Newton,fnewtonkz@1688.com,Marketing
757,Gavin,Zealy,gzealyl0@tmall.com,Legal
758,Hollyanne,Rudwell,hrudwelll1@artisteer.com,Human Resources
759,Meta,Culley,mculleyl2@ovh.net,Services
760,Mathe,Symes,msymesl3@kickstarter.com,Services
761,Marybelle,Millward,mmillwardl4@wunderground.com,Product Management
762,Bailey,Borge,bborgel5@drupal.org,Support
763,Nicky,Luckham,nluckhaml6@house.gov,Engineering
764,Isador,Banisch,ibanischl7@vinaora.com,Accounting
765,Reggie,Sphinxe,rsphinxel8@arizona.edu,Sales
766,Wilden,Skeech,wskeechl9@phpbb.com,Research and Development
767,Virgilio,Elmar,velmarla@illinois.edu,Support
768,Sheena,Behan,sbehanlb@feedburner.com,Research and Development
769,Reynold,Cockill,rcockilllc@constantcontact.com,Training
770,Alyse,Burbury,aburburyld@google.ca,Services
771,Carleen,Merrifield,cmerrifieldle@nytimes.com,Marketing
772,Barnebas,Pinnere,bpinnerelf@about.me,Product Management
773,Kiah,Farrar,kfarrarlg@devhub.com,Product Management
774,Essa,Albro,ealbrolh@dagondesign.com,Product Management
775,Selena,Chartman,schartmanli@berkeley.edu,Marketing
776,Sofie,Eiler,seilerlj@4shared.com,Training
777,Austina,Vain,avainlk@xrea.com,Marketing
778,Nero,Matiashvili,nmatiashvilill@umich.edu,Training
779,Elita,Judson,ejudsonlm@nba.com,Human Resources
780,Elbertina,Hassent,ehassentln@businessinsider.com,Sales
781,Udall,Rimour,urimourlo@unesco.org,Training
782,Olive,Ambrosi,oambrosilp@wikispaces.com,Business Development
783,Nanny,Greensitt,ngreensittlq@nbcnews.com,Sales
784,Bondie,Pitbladdo,bpitbladdolr@moonfruit.com,Research and Development
785,Warde,Twiddell,wtwiddellls@walmart.com,Engineering
786,Gerrilee,De Cristofalo,gdecristofalolt@smh.com.au,Research and Development
787,Egan,Benezet,ebenezetlu@uol.com.br,Support
788,Mehetabel,Sturton,msturtonlv@tamu.edu,Services
789,Judas,Farn,jfarnlw@virginia.edu,Services
790,Adeline,Croall,acroalllx@toplist.cz,Research and Development
791,Roslyn,Pleager,rpleagerly@people.com.cn,Accounting
792,Hunt,Lampert,hlampertlz@bing.com,Human Resources
793,Roberta,Bresson,rbressonm0@paginegialle.it,Accounting
794,Ryon,Archer,rarcherm1@4shared.com,Legal
795,Vin,Pepin,vpepinm2@newsvine.com,Accounting
796,Horatio,Arnaldi,harnaldim3@weather.com,Legal
797,Brande,Gringley,bgringleym4@hao123.com,Human Resources
798,Arlan,Lacer,alacerm5@addtoany.com,Services
799,Ileana,Sutlieff,isutlieffm6@sciencedirect.com,Product Management
800,Alwyn,Cromblehome,acromblehomem7@walmart.com,Product Management
801,Keith,Citrine,kcitrinem8@unc.edu,Sales
802,Sabra,Serfati,sserfatim9@ted.com,Training
803,Gracia,Bleasdille,gbleasdillema@boston.com,Marketing
804,Kristyn,Pippard,kpippardmb@live.com,Legal
805,Georg,Olenin,goleninmc@jimdo.com,Product Management
806,Arne,Houldin,ahouldinmd@wikipedia.org,Engineering
807,Hedda,Gounet,hgounetme@pinterest.com,Support
808,Amble,Catherick,acatherickmf@studiopress.com,Legal
809,Darn,Weippert,dweippertmg@cargocollective.com,Sales
810,Corry,Potteridge,cpotteridgemh@fda.gov,Research and Development
811,Dimitry,Selwyne,dselwynemi@ihg.com,Marketing
812,Charlean,De Meyer,cdemeyermj@furl.net,Human Resources
813,Ebba,Dubery,eduberymk@eepurl.com,Training
814,Prentiss,De Nisco,pdeniscoml@mayoclinic.com,Business Development
815,Hartwell,Ruler,hrulermm@nasa.gov,Human Resources
816,Ennis,Titchener,etitchenermn@w3.org,Research and Development
817,Charla,Racine,cracinemo@mozilla.com,Engineering
818,Dulci,Henker,dhenkermp@latimes.com,Services
819,Cloe,Colleton,ccolletonmq@pcworld.com,Engineering
820,Jarrod,Mewes,jmewesmr@tamu.edu,Product Management
821,Taber,Cassy,tcassyms@wikimedia.org,Product Management
822,Tamera,O'Cannovane,tocannovanemt@theglobeandmail.com,Human Resources
823,Arlyne,Hattiff,ahattiffmu@ovh.net,Training
824,Bebe,Flight,bflightmv@bloglines.com,Legal
825,Heall,Bonwell,hbonwellmw@tripadvisor.com,Marketing
826,Georgeanne,Vogeller,gvogellermx@rediff.com,Accounting
827,Marilee,Mellor,mmellormy@pinterest.com,Engineering
828,Far,Upfold,fupfoldmz@upenn.edu,Human Resources
829,Yehudi,Gullefant,ygullefantn0@wordpress.com,Marketing
830,Neille,Hayne,nhaynen1@eepurl.com,Marketing
831,Fern,Blowne,fblownen2@paginegialle.it,Training
832,Hersch,Probey,hprobeyn3@nyu.edu,Training
833,Tori,Markwelley,tmarkwelleyn4@slashdot.org,Sales
834,Garrett,Quail,gquailn5@sciencedirect.com,Support
835,Marjy,Owthwaite,mowthwaiten6@e-recht24.de,Marketing
836,Annmarie,Milbourn,amilbournn7@google.com.br,Human Resources
837,Sigismondo,Aspden,saspdenn8@discuz.net,Engineering
838,Matt,Skilton,mskiltonn9@who.int,Sales
839,Mirabella,Monks,mmonksna@irs.gov,Business Development
840,Ripley,Shenfish,rshenfishnb@cmu.edu,Accounting
841,Claudette,Yersin,cyersinnc@wikispaces.com,Support
842,Allison,Crannell,acrannellnd@w3.org,Product Management
843,Sileas,Flips,sflipsne@soup.io,Marketing
844,Sig,Adriani,sadrianinf@domainmarket.com,Human Resources
845,Patience,Brodnecke,pbrodneckeng@shop-pro.jp,Support
846,Kristen,McLemon,kmclemonnh@g.co,Marketing
847,Blithe,Kynder,bkynderni@globo.com,Engineering
848,Libby,Tatershall,ltatershallnj@cpanel.net,Support
849,Homerus,Woolliams,hwoolliamsnk@naver.com,Product Management
850,Elfie,Chadwell,echadwellnl@g.co,Human Resources
851,Lindsey,Lias,lliasnm@github.com,Business Development
852,Devina,Andrei,dandreinn@e-recht24.de,Product Management
853,Roselle,Zettler,rzettlerno@w3.org,Human Resources
854,Agathe,Domotor,adomotornp@tinypic.com,Services
855,Noelani,Thorby,nthorbynq@samsung.com,Legal
856,Salomi,Catford,scatfordnr@telegraph.co.uk,Business Development
857,Archibold,Dufton,aduftonns@i2i.jp,Business Development
858,Rhianna,Mathan,rmathannt@buzzfeed.com,Engineering
859,Antonella,Brisco,abrisconu@bloglines.com,Services
860,Gaven,Whawell,gwhawellnv@dailymotion.com,Sales
861,Jonie,Bizley,jbizleynw@admin.ch,Accounting
862,Catlaina,Hook,chooknx@mlb.com,Research and Development
863,Wanids,Colkett,wcolkettny@slashdot.org,Human Resources
864,Karil,Gwinnell,kgwinnellnz@imgur.com,Sales
865,Perl,Clutten,pclutteno0@cocolog-nifty.com,Research and Development
866,Yolane,Quaif,yquaifo1@noaa.gov,Support
867,Willyt,Shorey,wshoreyo2@blogtalkradio.com,Engineering
868,Waverly,Knoton,wknotono3@amazon.co.jp,Product Management
869,Clark,Cauldfield,ccauldfieldo4@unesco.org,Sales
870,Birdie,Nutting,bnuttingo5@soundcloud.com,Accounting
871,Viv,Cristofolo,vcristofoloo6@disqus.com,Training
872,Catlaina,O'Lunney,colunneyo7@plala.or.jp,Marketing
873,Mollie,O'Spillane,mospillaneo8@ibm.com,Accounting
874,Errick,Farnell,efarnello9@squarespace.com,Sales
875,Ermin,Peyro,epeyrooa@google.cn,Training
876,Tim,Heinsius,theinsiusob@simplemachines.org,Marketing
877,Nicolai,Humphris,nhumphrisoc@1und1.de,Human Resources
878,Taddeusz,Newstead,tnewsteadod@yale.edu,Product Management
879,Lemuel,Sheeran,lsheeranoe@reference.com,Sales
880,Odey,Walkington,owalkingtonof@miibeian.gov.cn,Marketing
881,Jacques,Airdrie,jairdrieog@yolasite.com,Accounting
882,Zaria,Bloxham,zbloxhamoh@google.com.br,Services
883,Eba,Dwerryhouse,edwerryhouseoi@ox.ac.uk,Business Development
884,Alfie,Harmeston,aharmestonoj@vinaora.com,Training
885,Freemon,Carden,fcardenok@answers.com,Product Management
886,Nataniel,Geck,ngeckol@uiuc.edu,Services
887,Vanda,Tomasek,vtomasekom@ft.com,Human Resources
888,Nevin,Carbery,ncarberyon@oracle.com,Accounting
889,Maurits,Zack,mzackoo@wufoo.com,Training
890,Hervey,Matonin,hmatoninop@twitpic.com,Product Management
891,Monte,Tysack,mtysackoq@qq.com,Accounting
892,Dawna,Sammars,dsammarsor@blogs.com,Human Resources
893,Karlotte,Huddart,khuddartos@army.mil,Legal
894,Teena,Pymar,tpymarot@wired.com,Legal
895,Gleda,Hirthe,ghirtheou@scientificamerican.com,Engineering
896,Leisha,Gomme,lgommeov@hugedomains.com,Training
897,Vikky,O'Duilleain,voduilleainow@hibu.com,Engineering
898,Clim,Klaffs,cklaffsox@elegantthemes.com,Product Management
899,Kore,Dissman,kdissmanoy@naver.com,Sales
900,Sunny,Danev,sdanevoz@homestead.com,Legal
901,Pattie,Pescod,ppescodp0@behance.net,Services
902,Shellie,Dufour,sdufourp1@msu.edu,Legal
903,Katie,MacTague,kmactaguep2@pen.io,Training
904,Bernadene,McDaid,bmcdaidp3@typepad.com,Marketing
905,Angelita,Maiden,amaidenp4@theatlantic.com,Human Resources
906,Staford,MacGebenay,smacgebenayp5@barnesandnoble.com,Support
907,Zorana,Mealing,zmealingp6@samsung.com,Accounting
908,Chariot,Leavry,cleavryp7@examiner.com,Support
909,Christina,Tippell,ctippellp8@craigslist.org,Services
910,Ira,Van Waadenburg,ivanwaadenburgp9@acquirethisname.com,Legal
911,Darice,Penburton,dpenburtonpa@cpanel.net,Engineering
912,Gertruda,Spaight,gspaightpb@simplemachines.org,Services
913,Isidor,Marns,imarnspc@disqus.com,Accounting
914,Kliment,Carlucci,kcarluccipd@t.co,Services
915,Hinze,Grigoriscu,hgrigoriscupe@reverbnation.com,Business Development
916,Alexa,Bridge,abridgepf@qq.com,Training
917,Rip,Jirak,rjirakpg@hubpages.com,Services
918,Rossy,Crumley,rcrumleyph@imageshack.us,Human Resources
919,Dion,Jennick,djennickpi@icio.us,Business Development
920,Tyne,Alwin,talwinpj@booking.com,Business Development
921,Isac,Aubrey,iaubreypk@shop-pro.jp,Marketing
922,Joby,MacNish,jmacnishpl@macromedia.com,Research and Development
923,Marybelle,Nayshe,mnayshepm@wikipedia.org,Marketing
924,Karine,Royson,kroysonpn@miibeian.gov.cn,Engineering
925,Latia,Starmore,lstarmorepo@salon.com,Business Development
926,Jewelle,Gellett,jgellettpp@discovery.com,Support
927,Arleen,Burkinshaw,aburkinshawpq@walmart.com,Support
928,Franny,Bahls,fbahlspr@archive.org,Accounting
929,Kristin,Ruppeli,kruppelips@liveinternet.ru,Engineering
930,Maddi,Achurch,machurchpt@gov.uk,Engineering
931,Caro,Savary,csavarypu@drupal.org,Business Development
932,Anissa,Scriver,ascriverpv@sourceforge.net,Research and Development
933,Sandye,Pibsworth,spibsworthpw@booking.com,Marketing
934,Stepha,Sarfass,ssarfasspx@go.com,Services
935,Gay,Sturton,gsturtonpy@yale.edu,Legal
936,Fairlie,Barnett,fbarnettpz@myspace.com,Product Management
937,Xylina,Curless,xcurlessq0@artisteer.com,Research and Development
938,Rad,Alfonzo,ralfonzoq1@mashable.com,Engineering
939,Taber,Haxbie,thaxbieq2@umich.edu,Marketing
940,Gertrud,Strond,gstrondq3@instagram.com,Accounting
941,Baryram,Andriesse,bandriesseq4@sitemeter.com,Marketing
942,Ryan,Wrought,rwroughtq5@soup.io,Engineering
943,Dorette,Parkisson,dparkissonq6@moonfruit.com,Human Resources
944,Tripp,Ianittello,tianittelloq7@tinyurl.com,Human Resources
945,Alia,Flawith,aflawithq8@histats.com,Services
946,Addia,Patrickson,apatricksonq9@exblog.jp,Sales
947,Ade,Tiller,atillerqa@skype.com,Accounting
948,Daisi,Gubbins,dgubbinsqb@yandex.ru,Legal
949,Melisent,Clappson,mclappsonqc@liveinternet.ru,Training
950,Pansy,Hartlebury,phartleburyqd@sciencedirect.com,Accounting
951,Merry,Einchcombe,meinchcombeqe@creativecommons.org,Sales
952,Faustine,Barnwill,fbarnwillqf@barnesandnoble.com,Sales
953,Haydon,Newberry,hnewberryqg@unblog.fr,Sales
954,Krissie,Astley,kastleyqh@yelp.com,Business Development
955,Denni,Michelotti,dmichelottiqi@engadget.com,Human Resources
956,Leona,Young,lyoungqj@who.int,Product Management
957,Robinson,Durling,rdurlingqk@ovh.net,Legal
958,Florence,Barfitt,fbarfittql@springer.com,Research and Development
959,Annis,Duesbury,aduesburyqm@pen.io,Engineering
960,Dyan,Boyall,dboyallqn@loc.gov,Services
961,Judas,McAughtry,jmcaughtryqo@purevolume.com,Engineering
962,Melitta,Kliesl,mklieslqp@paypal.com,Accounting
963,Tori,Sandland,tsandlandqq@about.me,Training
964,Carly,Slinger,cslingerqr@is.gd,Marketing
965,Deb,Vawton,dvawtonqs@aboutads.info,Accounting
966,Tonia,Yurinov,tyurinovqt@unblog.fr,Engineering
967,Chickie,Imesson,cimessonqu@harvard.edu,Legal
968,Joli,Quarrington,jquarringtonqv@delicious.com,Legal
969,Alphard,Downe,adowneqw@webs.com,Training
970,Sofie,Naulty,snaultyqx@gmpg.org,Research and Development
971,Ardelia,Savil,asavilqy@uiuc.edu,Support
972,Violet,Berlin,vberlinqz@discuz.net,Research and Development
973,Kendrick,Rodnight,krodnightr0@vk.com,Engineering
974,Alene,Matyushkin,amatyushkinr1@technorati.com,Accounting
975,Bern,Portingale,bportingaler2@fc2.com,Services
976,Gustie,Peacher,gpeacherr3@wunderground.com,Human Resources
977,Ariela,Borkin,aborkinr4@walmart.com,Marketing
978,Blaire,Killigrew,bkilligrewr5@cbc.ca,Sales
979,Vittoria,Hastings,vhastingsr6@hugedomains.com,Sales
980,Laverne,Prendergrast,lprendergrastr7@yandex.ru,Training
981,Quintin,Rowbrey,qrowbreyr8@usatoday.com,Human Resources
982,Ansley,Sherville,asherviller9@flavors.me,Sales
983,Fernanda,Mapes,fmapesra@e-recht24.de,Business Development
984,Swen,Andrew,sandrewrb@quantcast.com,Business Development
985,Roseline,Pollendine,rpollendinerc@bbb.org,Services
986,Wendie,Eames,weamesrd@geocities.jp,Sales
987,Audrey,Farey,afareyre@sbwire.com,Human Resources
988,Rosy,O'Moylane,romoylanerf@google.com.hk,Sales
989,Alika,Hosier,ahosierrg@wiley.com,Engineering
990,Gray,Feedome,gfeedomerh@about.com,Marketing
991,Katherine,Kearey,kkeareyri@army.mil,Services
992,Jess,Hovington,jhovingtonrj@list-manage.com,Support
993,Meggy,Chadburn,mchadburnrk@mayoclinic.com,Research and Development
994,Brigham,Syme,bsymerl@army.mil,Human Resources
995,Tildi,Dudin,tdudinrm@xinhuanet.com,Marketing
996,Marillin,Kime,mkimern@amazon.com,Services
997,Alikee,Farnfield,afarnfieldro@cdc.gov,Services
998,Mario,Pottery,mpotteryrp@ask.com,Product Management
999,Grier,Pitkeathley,gpitkeathleyrq@wikia.com,Marketing
1000,Bernie,Pirot,bpirotrr@google.fr,Services
